rmse,mae,n_samples
2.8444301012599635,2.4425055244458678,987
